"DOCUMENT TITLE : NSN PRODUCTION EXPANSION - HVAC CONCEPT DESIGN COMMENTS & RESPONSES
PROJECT NAME : NOKIA SIEMENS NETWORKS, Production Area Expansion, Oragadam
PROJECT NUMBER : 024-11206
DATE UPDATED : 2-Dec-10
COMMENT'S ISSUED BY : Mr.Peter Bistrom REVISION : R0
RESPONSE BY : Guna, ADES",,,,,,,
"COMMENT
#","COMMENT
DATE",COMMENT DESCRIPTION,REFERENCE,"COMMENT
BY",RESPONSE DESCRIPTION,RESPONSE BY,RESPONSE DATE
1,30-Nov-10,"TherearenotallNokiaguidelines,referredto.Forex.allairflowsand
noise levels must be according to NSN Guidelines Appendix Indoor
air climate target values.","Number.2 (001, Design Report)",Peter Bistrom,".We have followed NSN Guidelines while preparing HVAC DBR,
but the values are not shown. Now we will duplicated the NSN
Guidelines Appendix Indoor air climate target values in our DBR
and will revise",Guna,2-Dec-10
2,30-Nov-10,"All space/roomsshould be Air-conditioned, except Waste room (only
ventilation). The humid outdoor air can´t be let inside, to the
Production area.","Number.2 (001, Design Report)",Peter Bistrom,"We have received the space data sheet only after preparation of
Concept design. Hence we have made assumption on space air-
conditioning & ventilationrequirements. We will revise the the DBR
now considering all the space as air-conditioned spaces except
""Waste room"" which is ventilated.",Guna,2-Dec-10
3,30-Nov-10,"We would want to use, for outside design condition, for summer
weather: +40°C temperature and 45% RH (as in our Concept
design).","Number.2 (001, Design Report)",Peter Bistrom,"As per our local ISHRAE Standard data, the outside design
conditionsfor summer is: DBT +39.4 Deg C, WBT 27.8 Deg C &
RH 41%. Hence we have considered the same in our design.
Pleaseclarifywhichstandardspecifiestoconsider DBT+40 DegC
& RH 45%. Please note that we will consider the outside design
conditions as per ISHRAE Standard only",Guna,2-Dec-10
4,30-Nov-10,Fresh air amount: NSN guideline must also be mentioned.,"Number.2 (001, Design Report)",Peter Bistrom,"Fresh air amount calculation is based on NSN guideline only. We
will mention the NSN guideline in the DBR.",Guna,2-Dec-10
5,30-Nov-10,"Thecoolingcapacityfordifferentspaces/rooms:Thecalculationmust
be shown during design, not only the result for the spaces, as now.","Number.2 (001, Design Report)",Peter Bistrom,"The Detailed Cooling load calculation shall be provided along with
Detail design Documents",Guna,2-Dec-10
6,30-Nov-10,"Smoke exhaust: Must be checked again. Our estimation is that only
one present smoke exhaust system (384SEF07) isn´t enough. This
depend on the Architect layouts and present smoke exhaust
departments.","Number.2 (001, Design Report)",Peter Bistrom,"We will check with Architect for smoke compartments and the
revise the DBR accordingly",Guna,2-Dec-10
7,30-Nov-10,"As mentioned before: all rooms except Waste room must be Air-
conditioned (see our Concept design). This means either the air will
come straight from PAU or from AHU. From AHU would be better
becausetheairfrom PAUisverycold. Onesolutionwouldbe thatall
“supply” air for ancillary rooms, except Test lab and Training room,
would be transferred air from Production area","Number.2 (001, Design Report)",Peter Bistrom,"If the ""supply air"" for ancillary rooms are transferred from
Production Area, it may not be possible to maintain the room
temperature. That'swhywe have considered FanCoilunitsforfew
areas.
Asperdesign,itisacceptabletosupplytheairfrom PAUsince itis
only 13 Deg C.
We will proceed with our concept.",Guna,2-Dec-10
8,30-Nov-10,"Wethink that2 psc.of newchillersareneeded thinkingof thespare-
/standby-unit.","Number.2 (001, Design Report)",Peter Bistrom,"Itisnoted.Wewilladdtwochillers(One324TR&one184TR).As
you said, the additional capacity will be considered as stand-by unit",Guna,2-Dec-10
9,30-Nov-10,"For the final Design, as part of the HVAC-design package, there must
beaSpecification(demands)for theContractor, aswellasdemands
of equipments etc. which must be met before approvals.","Number.2 (001, Design Report)",Peter Bistrom,"Please elaborate the specific demands those need to be added to
the Tender documents",Guna,2-Dec-10
10,30-Nov-10,"The Production-area must be totally ready before “moving in”, this
means that also all equipments are fully working for the Production
area.","Number.2 (001, Design Report)",Peter Bistrom,"OK Noted. We will inform the Project Managers to sequence the
work accordingly",Guna,2-Dec-10
11,30-Nov-10,"In the Specification there must also be solutions and demands for
Contractor during the construction phase (the phasing of the
installations). These measures have to be checked and approved by
NSN Production manager.","Number.2 (001, Design Report)",Peter Bistrom,"Project Manager shall specify the requirements of phasing the
construction activity",Guna,2-Dec-10
