"COMMENT
#","COMMENT
DATE",COMMENT DESCRIPTION,REFERENCE,"COMMENT
BY",RESPONSE DESCRIPTION,RESPONSE BY,RESPONSE DATE
41,30-Nov-10,"Exhaust grillescould also be bigger (or 2 ontop of each other). Now
the speed is ~","Number.11 (M-08, Ventilation
design, New Mechanical room)",Peter Bistrom,NOTED,Guna,2-Dec-10
42,30-Nov-10,"Duct-sizesshouldbealittlebigger(toreducethepressure-drop),see
also comment about Ventilation schema (M-02).","Number.11 (M-08, Ventilation
design, New Mechanical room)",Peter Bistrom,NOTED,Guna,2-Dec-10
43,30-Nov-10,"The ducts for the rooms beneath the new Ventilation rooms, as well
as the ventilation room, are missing.","Number.11 (M-08, Ventilation
design, New Mechanical room)",Peter Bistrom,Will be updated during detail design stage,Guna,2-Dec-10
44,30-Nov-10,"There must be adjustment dampers installed, otherwise it isn´t
possible to adjust the air-flows.","Number.11 (M-08, Ventilation
design, New Mechanical room)",Peter Bistrom,"Yes, each outlet & inlet terminal will have volume control dampers",Guna,2-Dec-10
45,30-Nov-10,"Theductsmustbeequippedwithfire-dampersintheventilationroom
wall.","Number.11 (M-08, Ventilation
design, New Mechanical room)",Peter Bistrom,NOTED. This will be updated in detailed design drawings,Guna,2-Dec-10
46,30-Nov-10,"The fresh air duct (through the new Warehouse) has to be both
condensate tight- and fire-insulated.","Number.11 (M-08, Ventilation
design, New Mechanical room)",Peter Bistrom,NOTED.,Guna,2-Dec-10
47,30-Nov-10,Should the new stairs have some ventilation?,"Number.11 (M-08, Ventilation
design, New Mechanical room)",Peter Bistrom,"Ventilation not required. The people movement will make air
movement in the staircase",Guna,2-Dec-10
48,30-Nov-10,New cooling pipes for Vacuum room should be showed.,"Number.11 (M-08, Ventilation
design, New Mechanical room)",Peter Bistrom,Will be updated during detail design stage,Guna,2-Dec-10
,,,,,,,
