"COMMENT
#","COMMENT
DATE",COMMENT DESCRIPTION,REFERENCE,"COMMENT
BY",RESPONSE DESCRIPTION,RESPONSE BY,RESPONSE DATE
12,30-Nov-10,"There is no description and documentation about electrical systems
relating HVAC installations. (frequency drivers, feeders, etc.). Only
mentioned electrical power for fans","Number.2 (001, Design Report)",Peter Bistrom,These details shall be provided during detailed design stage,Guna,2-Dec-10
13,30-Nov-10,"Our idea was to install new pipes from the cooling pump centre,
through the new incoming material warehouse.","Number.4 (M-01, Chilled water
schema)",Peter Bistrom,OK Noted. We will provide separate piping for new AHUs/PAU,Guna,2-Dec-10
14,30-Nov-10,"If you connect the new equipments (PAU/AHU) to present pipes in
present Ventilation room, the chilled water schema need anyway to
be revised, as follows:
oThereareonlyonechilled waterpipe-pair (forAHU:s) from present
Ventilation room, now both AHU:s have been connected to present
main pipes.
oThecapacityfortheAHU:saretoolow(43TR), shouldbe raisedto
56TR, as the present AHU:s for the Production.
o The capacity for the PAU is too low (50TR), should be raised to
72TR. Then the capacity is in line with present PAU:s for the
Production.
o The new secondary pumps (are the numbers right?) for the new
chiller402CHU04(184TR)areconnectedtowrongpipe-system(only
onesystem).Theyshouldalsobeconnectedtosamepipe-systemas
P03.1/03.2, now there are no additional capacity in the pipe-system
even though two new AHU:s are added!
o The possible Water tank/Reservoir isn´t showed at all (the
reservation where the tank would be installed).","Number.4 (M-01, Chilled water
schema)",Peter Bistrom,"Since we are considering new pipes, this point may please be
ignored.
Wewillindicatethepossiblelocationof Watertank/Reservoirinthe
concept drawings",Guna,2-Dec-10
15,30-Nov-10,The cooling capacities (for PAU/AHU:s) should be revised as above.,"Number.5 (M-02, Ventilation
schema)",Peter Bistrom,"The cooling capacities of new AHUs/PAU shall be based on our
detailed cooling load calculations",Guna,2-Dec-10
16,30-Nov-10,"The ductsforthe newPAU shouldbe bigger,now theair speedover
7,5 m/s. The fresh air duct should be ~1600x1200 (some reserve
also, if there is a problem with the humidity in the production area).
The extract duct to Hub, ~1000x800. The ducts have to be
condensate-tight insulated.","Number.5 (M-02, Ventilation
schema)",Peter Bistrom,"The fresh air duct will be changed to maintain an air velocity of
maximum 5 m/s.
The extract air duct size will remains as designed.",Guna,2-Dec-10
17,30-Nov-10,"Smoke exhaust systems 381SEF01-02 are serving present
Production area, New Production area also have/need smoke
exhaust systems. Also present AS-Hub have a smoke exhaust
system (383SEF)","Number.5 (M-02, Ventilation
schema)",Peter Bistrom,OK Noted,Guna,2-Dec-10
18,30-Nov-10,"Whyisthe new smoke exhaust for the Incoming materialinformedin
CMH, whenallother ventilationamountsare incfm? Whyisthe new
smoke exhaust (384SEF-10) ~double amount compared to present
(382SEF)? Which one is the right one.","Number.5 (M-02, Ventilation
schema)",Peter Bistrom,"It is standard practice to use the ""Metric Unit"" completely or ""IP""
Units completely. However the old drawings have duct dimensions
in ""Metric"" unit and air quantity in ""IP"" unit. But we have used only
metric units. That's why the air quantities are given in ""CMH"".
The floor area of new Incoming material area is 1126 m². As per
NSN Guideline, the smoke extract fan capacity shall be 5-10
m³/s/1000 m². Hence the capacity of new extract fan is1126/1000
x 10 x 3600 = 40536 CMH. Hence we have considered 44000 CMH
fan.",Guna,2-Dec-10
19,30-Nov-10,"All supply/exhaust air to Production area have top be measured,
thereforetheremustbeflowmeasuringdampersinthoseducts(asin
present installations). This means ducts from new 313PAU/EAU and
new ducts from 302PAU/EAU.","Number.5 (M-02, Ventilation
schema)",Peter Bistrom,"Basedonthecomment,therearesixnewflow measuringdampers
shall be added. The location shall be noted onthe revised concept
drawing",Guna,2-Dec-10
20,30-Nov-10,"The total air amounts for 302PAU/EAU have to be revised (now old
ones are seen). Also air-amount for the AHU:s (not all are s)een","Number.5 (M-02, Ventilation
schema)",Peter Bistrom,"The totalair amountsfor 302PAU/EAU has beenrevised. Also air-
amount for the AHUs are shown.",Guna,2-Dec-10
