"COMMENT
#","COMMENT
DATE",COMMENT DESCRIPTION,REFERENCE,"COMMENT
BY",RESPONSE DESCRIPTION,RESPONSE BY,RESPONSE DATE
21,30-Nov-10,"The idea for 301 and 302 PAU/EAU ducting should be following
(maybe it has been already, I don´t know): the connection ducts to
AHU.s are connected to the mixing box before the AHU, not in the
duct (for. ex. ducts for 325AHU).","Number.5 (M-02, Ventilation
schema)",Peter Bistrom,"This will be verified at site during our visit on 8, 9 & 10th Dec-10.",Guna,2-Dec-10
22,30-Nov-10,"Schema for new rooms on level +0.00 are still missing, except
Production, these have to be added at next step.","Number.5 (M-02, Ventilation
schema)",Peter Bistrom,"Yes, the new rooms ventilation scheme shall be added in the
detailed design document",Guna,2-Dec-10
23,30-Nov-10,"The Ventilation (from 312PAU, HuB-ventilation) for Waste rooms is
missing.","Number.5 (M-02, Ventilation
schema)",Peter Bistrom,It is updated on detailed design drawing,Guna,2-Dec-10
24,30-Nov-10,The Air Lock room is missing.,"Number.5 (M-02, Ventilation
schema)",Peter Bistrom,It is updated on detailed design drawing,Guna,2-Dec-10
25,30-Nov-10,"Layout approved, as discussed in meeting in Chennai and by
telephone.","Number.6 (M-03, Chiller plant
room)",Peter Bistrom,NOTED,Guna,2-Dec-10
26,30-Nov-10,New pumps will be installed in the reserve-places in the pump room.,"Number.7 (M-04, Chiller pump
room)",Peter Bistrom,NOTED,Guna,2-Dec-10
27,30-Nov-10,"Please check that the pumps are connected to right chilled water
system, as in the schema.","Number.7 (M-04, Chiller pump
room)",Peter Bistrom,"This will be verified at site during our visit on 8, 9 & 10th Dec-10.",Guna,2-Dec-10
28,30-Nov-10,"I would prefer that the new pumps would be of a other model. Now
the chilled water pumpsare sk. norm-pumps(the motorontheside),
I would prefer vertical centrifugal pumps (the motor is on top of the
pump).","Number.7 (M-04, Chiller pump
room)",Peter Bistrom,"Similarity maynot be these if we use Vertical-inline-pumps for new
expansion. We use only Horizontal pumps",Guna,2-Dec-10
29,30-Nov-10,"It would be good to show the reserved place for the Water
tank/Reservoir.","Number.7 (M-04, Chiller pump
room)",Peter Bistrom,It will be updated on detailed design drawings,Guna,2-Dec-10
30,30-Nov-10,"Best location (technically) would be inside, in the new Warehouse
(because there the air is treated, not as hot and moisture as outside
in the pump room).","Number.7 (M-04, Chiller pump
room)",Peter Bistrom,"The capacity of the tank will be around 30 m³. We will see the
feasibility of locating the tank inside the New Incoming material
area. If it is not feasible, we will located the storage tank at Chiller
yard.",Guna,2-Dec-10
