"COMMENT
#","COMMENT
DATE",COMMENT DESCRIPTION,REFERENCE,"COMMENT
BY",RESPONSE DESCRIPTION,RESPONSE BY,RESPONSE DATE
31,30-Nov-10,"The demolition for the present AC Hub-area, with smaller rooms,
should be added / taken into consideration.","Number.8 (M-05, HVAC
demolition plan)",Peter Bistrom,NOTED,Guna,2-Dec-10
32,30-Nov-10,"The chilled water pipes for present Vacuum equipment (in AC Hub)
also have to be added.","Number.8 (M-05, HVAC
demolition plan)",Peter Bistrom,NOTED,Guna,2-Dec-10
33,30-Nov-10,"Please check how many supply louvers have been demolished in
each system. Now, at least, in incoming material they are wrong.","Number.9 (M-06, Ventilation
design, Present Production area)",Peter Bistrom,We will check and will revise the drawing appropriately,Guna,2-Dec-10
34,30-Nov-10,"As far as I know the new smaller rooms, underneath the new
Ventilation room, shouldn´t be raised with 300mm. If not, remove
note!","Number.9 (M-06, Ventilation
design, Present Production area)",Peter Bistrom,We will check with Architect and will revise based on his inputs,Guna,2-Dec-10
35,30-Nov-10,"Waste room should be connected to big Hub ventilation (decided in
Chennai 11.11.2010, only ventilation).","Number.10 (M-07, Ventilation
design, New Production area)",Peter Bistrom,We will connect the new Waste room to 312PAU,Guna,2-Dec-10
36,30-Nov-10,"Changes to production area beneath present Ventilation room hasn´t
been showed.","Number.10 (M-07, Ventilation
design, New Production area)",Peter Bistrom,Will be updated during detail design stage,Guna,2-Dec-10
37,30-Nov-10,"The numbers of supply louvers must be chosen according to the air-
amount (according to air amount / pressure drop and the air pattern
when knowing at what height it will be installed). Now there are too
many in new Incoming material and Production.","Number.10 (M-07, Ventilation
design, New Production area)",Peter Bistrom,Will be updated during detail design stage,Guna,2-Dec-10
38,30-Nov-10,"The exhaust ducting for present AHU-machines whichwill serve also
the new Production area have to be changed too. This means 324-
325 AHU:s.","Number.10 (M-07, Ventilation
design, New Production area)",Peter Bistrom,"Yes, the exhaust ducting of AHU 324 & 325 will be changed too
during detailed design stage",Guna,2-Dec-10
39,30-Nov-10,"Mixing boxes (both supply and exhaust) for the AHU:s have to be
done, no connection straight to duct.","Number.11 (M-08, Ventilation
design, New Mechanical room)",Peter Bistrom,NOTED,Guna,2-Dec-10
40,30-Nov-10,Boxes should be as wide as the machinery.,"Number.11 (M-08, Ventilation
design, New Mechanical room)",Peter Bistrom,NOTED. This will be specified in AHU techinical Specification,Guna,2-Dec-10
